MARTIN;JEREMY;1960;MARTIN;ADAM;ISABELLE;H
DUMONT;RENAUD;2007;DUMONT;SEBASTIEN;VALERIE;H
LECLERC;MANON;1997;LECLERC;MICHEL;MARTINE;F;LECLERC
FABRE;GERARD;1954;FABRE;PIERRE;LEA;H
GAUTHIER;JEREMY;2012;GAUTHIER;PIERRE;LEA;H
GIRAUD;DENIS;1948;GIRAUD;RENAUD;LAETITIA;H
LEFEBVRE;RENAUD;1948;LEFEBVRE;DAVID;CHRISTIANE;H
GERARD;CHRISTIANE;1963;GERARD;BRUNO;MARTINE;F;GIRARD
ADAM;PIERRE;1949;ADAM;LUCAS;ISABELLE;H
BRUN;PIERRE;1948;BRUN;ADAM;VALERIE;H
LEFEVRE;VALERIE;2002;LEFEVRE;ROMAIN;CHRISTIANE;F;LECLERC
MARTIN;ISABELLE;1981;MARTIN;MICHEL;CHRISTIANE;F;ROCHEBRUNE
MARTINEZ;CHRISTIAN;1946;MARTINEZ;ADAM;VALERIE;H
GAUTIER;PIERRE;1978;GAUTIER;LUCAS;CHRISTIANE;H
ROCHEBRUNE;LAETITIA;1936;ROCHEBRUNE;BRUNO;VALERIE;F;GAUTHIER
ROCHEBRUNE;PIERRE;1972;ROCHEBRUNE;LUCAS;ISABELLE;H
MARTINEZ;JULIE;1966;MARTINEZ;OLIVIER;CHRISTIANE;F;DUPONT
GIRARD;CHRISTIANE;1994;GIRARD;JEREMY;VERONIQUE;F;GIRARD
RENAUD;ISABELLE;1988;RENAUD;ROBERT;VERONIQUE;F;LECOMTE
BRUN;ADAM;1935;BRUN;MICHEL;MARTINE;H
RENAUD;ROBERT;1952;RENAUD;LUCAS;MANON;H
ROCHEBRUNE;SEBASTIEN;2002;ROCHEBRUNE;GERARD;VERONIQUE;H
RENAUD;JULIE;1961;RENAUD;ROMAIN;CHRISTIANE;F;DUPUIS
LECLERC;JEAN;1943;LECLERC;MICHEL;VERONIQUE;H
LECLERC;ROBERT;1960;LECLERC;ROBERT;CHRISTIANE;H
FABRE;PAUL;1940;FABRE;BRUNO;LEA;H
DUMAS;MARTINE;1936;DUMAS;ADAM;VERONIQUE;F;LECOMTE
LECLERCQ;MANON;1994;LECLERCQ;DAVID;VERONIQUE;F;RENAUD
FAURE;BRUNO;1979;FAURE;JEAN;MARTINE;H
MARTIN;DENIS;1953;MARTIN;SEBASTIEN;CHRISTIANE;H
RENAUD;LAETITIA;1990;RENAUD;KEVIN;MANON;F;DUMONT
ROCHE;JULIE;1943;ROCHE;DAVID;MANON;F;LECLERCQ
LECLERCQ;LAETITIA;1977;LECLERCQ;DENIS;LAETITIA;F;LEFEVRE
ROCHE;JEREMY;2013;ROCHE;PAUL;VALERIE;H
DENIS;CHRISTIAN;1936;DENIS;PAUL;LAETITIA;H
DUPUIS;CHRISTIANE;1964;DUPUIS;CHRISTIAN;CHRISTIANE;F;DUPONT
